<preferences>
    <scales>
        <scale>100</scale>
        <scale>250</scale>
        <scale>500</scale>
        <scale>1000</scale>
        <scale>2000</scale>
        <scale>5000</scale>
        <scale>10000</scale>
        <scale>25000</scale>
        <scale>50000</scale>
        <scale>100000</scale>
        <scale>200000</scale>
        <scale>300000</scale>
    </scales>
    <paperformats>
        <format height="297" width="210">A4</format>
        <format height="420" width="297">A3</format>
        <format height="594" width="420">A2</format>
        <format height="841" width="594">A1</format>
        <format height="1189" width="841">A0</format>

        <format height="210" width="297">A4縦</format>
        <format height="297" width="420">A3縦</format>
        <format height="420" width="594">A2縦</format>
        <format height="594" width="841">A1縦</format>
        <format height="841" width="1189">A0縦</format>
    </paperformats>
</preferences>


