[{"excluded":[],"includePaths":["C:/Qt/Tools/QtDesignStudio/qt6_design_studio_reduced_version/include","C:/Qt/Tools/QtDesignStudio/qt6_design_studio_reduced_version/include/QtGui","C:/Qt/Tools/QtDesignStudio/qt6_design_studio_reduced_version/include/QtCore","C:/Users/ryu/Documents/GitHub/EasyTemplatePrint-for-Qgis3"],"projectFile":"C:/Users/ryu/Documents/GitHub/EasyTemplatePrint-for-Qgis3/EasyTemplatePrint.pro","sources":["C:/Users/ryu/Documents/GitHub/EasyTemplatePrint-for-Qgis3/EasyTemplatePrint.py","C:/Users/ryu/Documents/GitHub/EasyTemplatePrint-for-Qgis3/EasyTemplatePrint_dialog.py","C:/Users/ryu/Documents/GitHub/EasyTemplatePrint-for-Qgis3/EasyTemplatePrint_dialog_base.ui","C:/Users/ryu/Documents/GitHub/EasyTemplatePrint-for-Qgis3/InstantPrintTool.py"],"translations":["C:/Users/ryu/Documents/GitHub/EasyTemplatePrint-for-Qgis3/i18n/instantprint_ja.ts"]}]
